Epoch,RMSE,MAE,Max_Error
1,0.43943366,0.37294313,1.0
